2025-12-14_15-32-39,100,draft.py:2025-12-14_15-32-39
2025-12-14_15-34-49,100,draft.py:2025-12-14_15-32-39
2025-12-14_16-17-34,0,draft.py:2025-12-14_16-17-34
2025-12-14_17-56-31,0,draft.py:2025-12-14_17-56-31
2025-12-14_17-56-45,0,draft.py:2025-12-14_17-56-45
2025-12-14_18-19-09,0,draft.py:2025-12-14_17-56-45
2025-12-14_19-12-40,100,draft.py:2025-12-14_19-12-40
2025-12-14_19-20-08,100,draft.py:2025-12-14_19-12-40
2025-12-14_19-37-30,100,draft.py:2025-12-14_19-37-30
2025-12-14_19-50-17,100,draft.py:2025-12-14_19-50-17
2025-12-14_20-07-48,100,draft.py:2025-12-14_19-50-17
2025-12-14_20-33-13,100,draft.py:2025-12-14_20-33-13
2025-12-14_23-28-23,100,draft.py:2025-12-14_20-33-13
2025-12-14_23-41-10,100,draft.py:2025-12-14_23-41-10
2025-12-14_23-43-18,100,draft.py:2025-12-14_23-41-10
2025-12-14_23-43-40,100,draft.py:2025-12-14_23-41-10
2025-12-14_23-44-32,0,draft.py:2025-12-14_23-44-32
2025-12-14_23-45-47,0,draft.py:2025-12-14_23-45-47
